Symbol,Current Price
AAAP,36.14
AAL,46.91
AAME,3.9
AAOI,37.27
AAON,34.35
AAPC,25.6232
AAPL,135.72
AAWW,53.7
AAXJ,60.59
ABAC,2.7
ABAX,49.66
ABCB,48.75
ABCD,4.8
ABCO,46.15
ABDC,12.68
ABEO,6
ABEOW,3.2
ABIL,2.8489
ABIO,2.55
ABMD,116.57
ABTL,13.06
ABTX,36.1
ABUS,2.7
ABY,21.31
ACAD,39.28
ACAT,18.55
ACBI,19.2
ACET,15.705
ACFC,7.64
ACGL,94.02
ACGLP,22.24
ACHC,42.59
ACHN,4.27
ACIA,66.58
ACIU,12.71
ACIW,19.9
ACLS,15.8
ACNB,29.45
ACOR,25.3
ACRS,27.88
ACRX,3.1
ACSF,12.65
ACST,1.33
ACTA,13.95
ACTG,5.9
ACTX,14.86
ACUR,0.8599
ACWI,62.42
ACWX,42.59
ACXM,29.28
ADAP,4.11
ADBE,119.67
ADES,11.62
ADHD,1.25
ADI,82.48
ADMA,4.94
ADMP,3.5
ADMS,17.28
ADP,99.68
ADRA,29.576
ADRD,20.89
ADRE,36.0901
ADRO,11.8
ADRU,20.14
ADSK,86.4
ADTN,21.7
ADUS,34.4
ADVM,2.8
ADXS,9.16
ADXSW,5.4341
AEGN,22.49
AEHR,4.11
AEIS,61.56
AEMD,3.7762
AERI,44.85
AETI,1.85
AEY,1.8089
AEZS,3.35
AFAM,48.15
AFH,16.9
AFMD,2.05
AFSI,27.34
AGEN,4.51
AGFS,2.73
AGFSW,0.159
AGII,66.6
AGIIL,25.52
AGIO,54.09
AGLE,5.22
AGNC,19.49
AGNCB,25.52
AGNCP,25.53
AGND,44.0348
AGRX,2.48
AGTC,8.1
AGYS,9.58
AGZD,47.988
AHGP,30.64
AHPA,9.95
AHPAU,10.26
AHPAW,0.53
AHPI,2.24
AIA,50.9
AIMC,39.75
AIMT,20.01
AINV,6.27
AIQ,10.4
AIRG,15.09
AIRM,38.85
AIRR,24.25
AIRT,22
AKAM,62.34
AKAO,22.68
AKBA,10.4
AKER,1.35
AKRX,21.78
AKTX,7
ALBO,23
ALCO,26.3
ALDR,23.3
ALDX,5.1
ALGN,101.765
ALGT,171.4
ALIM,1.22
ALJJ,3.82
ALKS,54.57
ALLT,4.92
ALNY,48.28
ALOG,81.6
ALOT,13.65
ALQA,0.48
ALRM,29.27
ALSK,1.69
ALTY,15.505
ALXN,128.82
AMAG,24.15
AMAT,35.67
AMBA,55.47
AMBC,22.5
AMBCW,11.8
AMCN,2.48
AMCX,55.83
AMD,13.13
AMDA,0.4197
AMED,47.94
AMGN,173.29
AMKR,10.05
AMMA,3.05
AMNB,36.55
AMOT,23.24
AMOV,12.6
AMPH,18.4
AMRB,15.35
AMRI,18.61
AMRK,20.75
AMRN,3.51
AMRS,0.5591
AMSC,6.62
AMSF,65.25
AMSWA,10.35
AMTD,43.15
AMTX,1.18
AMWD,77.75
AMZN,845.07
ANAB,23.89
ANAT,121.17
ANCB,26.65
ANCX,27.5
ANDA,10.0364
ANDAR,0.45
ANDAU,10.654
ANDAW,0.29
ANDE,40.05
ANGI,5.76
ANGO,16.53
ANIK,48.98
ANIP,65.26
ANSS,100.27
ANTH,0.6606
ANY,0.31
AOBC,19.22
AOSL,21.44
APDN,1.6
APDNW,0.4365
APEI,24.4
APEN,11.0001
APLP,17.9
APOG,58.03
APOP,5.83
APOPW,1.02
APPF,23.8
APPS,0.81
APRI,3.2063
APTI,14
APTO,1.13
APVO,2.13
APWC,2.8
AQB,15.3
AQMS,17.7
AQXP,18.29
ARAY,5.55
ARCB,31
ARCC,17.66
ARCI,1.25
ARCW,4.4
ARDM,1.98
ARDX,13.05
AREX,3.22
ARGS,4.7
ARII,46.65
ARIS,5.34
ARKR,25.63
ARLP,24.3
ARLZ,4.5
ARNA,1.49
AROW,35.8
ARQL,1.2
ARRS,30.2
ARRY,11.37
ARTNA,32.39
ARTW,3.7
ARTX,3.95
ARWR,2.17
ASBB,32.45
ASCMA,16.41
ASET,26.219
ASFI,9.9
ASMB,20.11
ASML,126.88
ASNA,5.11
ASND,28.24
ASPS,23.16
ASRV,3.95
ASRVP,26.75
ASTC,1.55
ASTE,70.45
ASUR,11.33
ASYS,6.5
ATAI,3.71
ATAX,5.65
ATEC,2.91
ATHN,118.96
ATHX,1.17
ATLC,2.78
ATLO,32.25
ATNI,80.75
ATOM,5.65
ATOS,1.52
ATRA,15.6
ATRC,17.385
ATRI,481.05
ATRO,33.99
ATRS,2.58
ATSG,17.13
ATTU,8.51
ATVI,45.33
AUBN,33.02
AUDC,7.12
AUPH,3.73
AVAV,26.97
AVDL,9.78
AVEO,0.78
AVGO,210.41
AVGR,2.4
AVHI,16.7
AVID,5.87
AVIR,0.6979
AVNW,14.68
AVXL,5.26
AVXS,59.15
AWRE,5.2
AXAR,9.98
AXARU,10.1
AXARW,0.0859
AXAS,2.31
AXDX,23.15
AXGN,10.85
AXSM,4.175
AXTI,7.35
AYA,14.65
AZPN,57.06
AZRX,4.14
BABY,38.15
BANF,96.8
BANFP,27.85
BANR,58.39
BANX,19.79
BASI,1.1
BATRA,21.03
BATRK,21.19
BBBY,41.14
BBC,21.695
BBGI,9.5
BBH,119.45
BBOX,9.65
BBP,37.93
BBRG,4.15
BBRY,7.49
BBSI,64.38
BCBP,14.6
BCLI,3.6
BCOM,20.7
BCOR,15.9
BCOV,8.05
BCPC,83.87
BCRX,6.56
BCTF,12.7
BDE,5.5
BDGE,36.55
BDSI,1.875
BEAT,24.95
BEAV,62.83
BEBE,5.7928
BECN,45.51
BELFA,24.0201
BELFB,29.9
BFIN,14.76
BFIT,14.8801
BGCP,11.69
BGFV,13.4
BGNE,40.75
BHAC,10.25
BHACR,0.3499
BHACU,13.6
BHACW,0.1699
BHBK,18.9
BIB,48.77
BICK,24.4527
BIDU,185.17
BIIB,288.94
BIOC,1.97
BIOL,1.53
BIOP,3.28
BIOS,1.56
BIS,27.99
BIVV,47.45
BJRI,37.3
BKCC,7.76
BKEP,7.1
BKEPP,7.85
BKMU,9.85
BKSC,20.75
BL,29.44
BLBD,16.95
BLCM,13.62
BLDP,2.04
BLDR,12.51
BLFS,1.99
BLIN          ,0.651
BLKB,73.43
BLMN,18.86
BLMT,27.95
BLPH,1.08
BLRX,1.2601
BLUE,77.1
BLVD,9.95
BLVDU,10.3906
BLVDW,0.68
BMCH,19.95
BMLA,30.54
BMLP,57.06
BMRA,2.57
BMRC,69.4
BMRN,89.87
BMTC,41.85
BNCL,16.8
BNCN,36.55
BNDX,53.92
BNFT,29.1
BNSO,2.54
BNTC,3.05
BNTCW,0.45
BOBE,56.85
BOCH,10.6
BOFI,29.72
BOFIL,25.52
BOJA,20.95
BOKF,83.86
BOKFL,23.98
BOLD,16.75
BONT,1.15
BOOM,16.05
BOSC,2.38
BOTJ,16.048
BOTZ,16.7
BPFH,17
BPFHP,25.95
BPFHW,11
BPMC,35.51
BPOP,45.37
BPOPM,22.275
BPOPN,24.3
BPTH,0.9479
BRCD,12.35
BREW,15.85
BRID,12.44
BRKL,16.05
BRKR,24.69
BRKS,21.41
BSET,26.3
BSF,9.65
BSFT,43.9
BSPM,2.94
BSQR,5.85
BSRR,28.48
BSTC,52.25
BSTG,0.335
BTEC,26.56
BUFF,24.85
BUR,1.78
BUSE,31.06
BV,4.65
BVSN,5.15
BVXV,5.74
BVXVW,0.8
BWEN,5.02
BWFG,32.09
BWINA,23.7901
BWINB,23
BWLD,159.05
BYBK,7.85
BYFC,1.49
BZUN,14.95
CA,32.09
CAAS,4.87
CAC,42.07
CACB,8.06
CACC,191.99
CACQ,14.75
CADC,2.55
CAFD,13.4
CAKE,61.83
CALA,9.2
CALD,20.15
CALI,3.67
CALL,7.6
CALM,38.65
CAMP,15.49
CAMT,3.72
CAPN,0.8005
CAPNW,0.0979
CAPR,3.11
CAPX,27.1869
CAR,33.76
CARA,14.76
CARB,19.6
CARO,30.89
CART,8.25
CARV,3.13
CARZ,36.21
CASC,4.33
CASH,86.9
CASI,1.34
CASM,1.5
CASS,66.64
CASY,117.5
CATB,1.25
CATH,28.55
CATM,44.63
CATY,39.42
CATYW,16.6596
CAVM,67.05
CBAK,1.4
CBAN,13.85
CBAY,3.23
CBF,39.85
CBFV,25.85
CBIO,6.94
CBLI,2
CBMG,12.3
CBMX,3.9
CBMXW,0.6684
CBOE,80.94
CBPO,110.14
CBRL,168.69
CBSH,59.12
CBSHP,26.17
CCBG,21.36
CCCL,2.47
CCCR,1.13
CCD,19.23
CCIH,2.42
CCLP,11.17
CCMP,69.25
CCN,13.9
CCNE,26.04
CCOI,42.1
CCRC,13.4
CCRN,15.6
CCUR,4.9
CCXI,7.04
CDC,42.38
CDEV,18.3
CDEVW,6.56
CDK,65.47
CDL,41.26
CDNA,2.3
CDNS,30.2
CDOR,2.21
CDTI,2.47
CDTX,11.7
CDW,59.99
CDXC,2.88
CDXS,4.15
CDZI,14.7
CECE,11.21
CECO,9.34
CELG,121.16
CELGZ,1.19
CEMI,6.05
CEMP,3.35
CENT,35.55
CENTA,33.73
CENX,15.25
CERC,0.82
CERCW,0.07
CERCZ,0.0863
CERN,56.15
CERS,4.285
CERU,1.41
CETC,2.32
CETV,2.85
CETX,5.77
CETXP,10
CETXW,1.488
CEVA,34.85
CEZ,26.39
CFA,42.4999
CFBK,2.3
CFCB,26.1
CFCO,10.06
CFCOU,10.8992
CFCOW,1.5979
CFFI,47.7
CFFN,15.41
CFMS,5.91
CFNB,15.9
CFNL,31.22
CFO,42.44
CFRX,2.15
CG,16.05
CGEN,4.55
CGIX,2.5
CGNT,1.98
CGNX,76.44
CGO,11.3276
CHCI,2.17
CHCO,66.08
CHDN,155.1
CHEF,15.8
CHEK,2.27
CHEKW,0.7968
CHFC,53.26
CHFN,19.48
CHI,10.91
CHKE,9.3
CHKP,101.21
CHMA,1.8
CHMG,35.41
CHNR,2.12
CHRS,22.5
CHRW,79.06
CHSCL,28.56
CHSCM,27.53
CHSCN,28.23
CHSCO,29.31
CHSCP,30.2549
CHTR,326.55
CHUBA,15.54
CHUBK,15.53
CHUY,30.15
CHW,7.67
CHY,11.3
CIBR,21.6164
CID,32.6699
CIDM,1.595
CIGI,46.25
CIL,34.33
CINF,72.67
CIVB,22.11
CIVBP,70.6472
CIZ,29.8515
CIZN,25.8
CJJD,1.93
CLAC,10
CLACU,10.99
CLACW,0.9
CLBH,28.64
CLBS,5.23
CLCD,46.4
CLCT,23.05
CLDC,6.6
CLDX,3.49
CLFD,16.6
CLIR,4.4
CLIRW,1.75
CLLS,22.4
CLMS,8.24
CLMT,3.9
CLNE,2.49
CLNT,0.78
CLRB,2.42
CLRBW,0.23
CLRBZ,0.655
CLRO,11.1
CLSD,7.67
CLSN,0.25
CLUB,3.25
CLVS,65.8
CLWT,3.9
CMCO,26.93
CMCSA,75.32
CMCT,15.6
CME,122.62
CMFN,10.05
CMLS,1.04
CMPR,83.78
CMRX,5.95
CMTL,11.62
CNAT,5.25
CNBKA,62.6
CNCE,10.02
CNCR,23.47
CNET,1.29
CNFR,7.35
CNIT,0.802
CNMD,43.5
CNOB,25.35
CNSL,25.89
CNTF,1.8
CNTY,6.89
CNV,5.379
CNXN,27.97
CNXR,2.212
COBZ,17.61
COGT,3.7
COHR,193.6
COHU,15.72
COKE,177.06
COLB,40.97
COLL,14.87
COLM,56.81
COMM,39.45
COMT,34.78
CONE,47.48
CONN,10.25
COOL,5.58
CORE,32.94
CORI,3.84
CORT,8.295
COST,175.86
COUP,27.16
COVS,2.05
COWN,15.2
COWNL,26.6
COYN,0.405
COYNW,0.07
CPAA,10.5399
CPAAU,11.1
CPAAW,2.5899
CPAH,2.6
CPHC,10.25
CPIX,5.71
CPLA,77.7
CPLP,3.41
CPRT,59.01
CPRX,1.15
CPSH,1.58
CPSI,26.4
CPSS,4.98
CPST,0.8
CPTA,14.25
CRAI,37.28
CRAY,21.3
CRBP,8.85
CRDS,3.75
CRDT,74.33
CREE,26.49
CREG,1.78
CRESY,19.32
CRIS,2.68
CRME,3
CRMT,38.85
CRNT,3.69
CROX,6.98
CRSP,18.07
CRTN,1.22
CRTO,44.98
CRUS,55.33
CRVL,40.6
CRVS,13.47
CRWS,7.25
CRZO,33.09
CSA,41.8455
CSAL,26.56
CSB,40.87
CSBK,16.42
CSBR,3.37
CSCO,33.74
CSF,40.88
CSFL,25.36
CSGP,209.69
CSGS,39.79
CSII,29.19
CSIQ,14.12
CSOD,43
CSPI,10.38
CSQ,10.9
CSTE,34.1
CSTR,19.55
CSWC,16.15
CSWI,36.75
CSX,48.54
CTAS,118.61
CTBI,46.8
CTG,4.95
CTHR,1.16
CTIB,6.05
CTIC,4.73
CTMX,11.84
CTRE,15.34
CTRL,15.1
CTRN,17.92
CTRP,45.63
CTRV,1.61
CTSH,57.96
CTSO,5.6
CTWS,53.96
CTXS,80.5
CUBA,6.77
CUBN,22.14
CUI,6.1
CUNB,39.2
CUR,3.69
CUTR,20.85
CVBF,23.49
CVCO,114.5
CVCY,22.01
CVGI,6.32
CVGW,57.9
CVLT,51.4
CVLY,26.95
CVTI,19.98
CVV,9.86
CWAY,16.5
CWBC,10.1
CWCO,10.7
CWST,11.38
CXDC,4.2
CXRX,2.5
CXSE,55.03
CY,12.9
CYAD,20.58
CYAN,3.75
CYBE,38.55
CYBR,52.55
CYCC,5.09
CYCCP,7
CYHHZ,0.0075
CYNO,66.25
CYOU,25.06
CYRN,2.15
CYRX,3.21
CYRXW,0.8
CYTK,11.25
CYTR,0.4353
CYTX,1.85
CYTXW,0.6999
CZFC,19.7
CZNC,24.38
CZR,9.2
CZWI,12.5846
DAIO,4.6646
DAKT,10.11
DAVE,5.85
DAX,25.99
DBVT,36.545
DCIX,2.8
DCOM,21.7
DCTH,0.158
DDBI,25.2751
DELT,1.35
DELTW,0.09
DENN,13.71
DEPO,16.47
DERM,33.84
DEST,5.37
DFBG,2.4
DFFN,3.85
DFNL,21.03
DFRG,17.05
DFVL,64.49
DFVS,30.4738
DGAS,26.15
DGICA,16.95
DGICB,17.945
DGII,13.05
DGLD,51.92
DGLY,4.7
DGRE,22.7
DGRS,33.6855
DGRW,35.06
DHIL,204.5
DHXM,4.55
DIOD,25.51
DISCA,28.68
DISCB,28.75
DISCK,28.09
DISH,62.89
DJCO,209.98
DLBL,75.03
DLBS,19.5
DLHC,5.37
DLTH,22.1
DLTR,80
DMLP,16.85
DMPI,4.95
DMRC,26.5
DMTX,1.9
DNBF,33.9622
DNKN,55.01
DORM,71.75
DOX,59.98
DPRX,1.25
DRAD,4.95
DRAM,1.5398
DRIO,3.86
DRIOW,0.83
DRNA,2.91
DRRX,1.01
DRWI,1.5
DRYS,4.47
DSCI,7
DSGX,22
DSLV,21.98
DSPG,10.5
DSWL,1.8238
DTEA,7.2
DTRM,2.47
DTUL,63.21
DTUS,31.6
DTYL,74.73
DTYS,19.26
DUSA,20.39
DVAX,4
DVCR,9.9775
DWAC,24.93
DWAQ,84.36
DWAS,41.71
DWAT,10.8
DWCH,8.2
DWFI,24.9661
DWIN,28.03
DWLD,20.72
DWLV,26.73
DWSN,7.88
DWTR,25.21
DXCM,81.89
DXGE,29.38
DXJS,37.59
DXKW,22.85
DXLG,3.35
DXPE,37.1
DXPS,24.2447
DXTR,1.23
DXYN,3.5
DYNT,2.65
DYSL,1.25
DZSI,1.06
EA,87.3
EACQ,9.95
EACQU,10.06
EACQW,0.38
EAGL,10
EAGLU,10.54
EAGLW,0.52
EARS,0.92
EBAY,33.76
EBAYL,26.15
EBIO,2.08
EBIX,59.35
EBMT,20.4853
EBSB,19.45
EBTC,33.9
ECHO,23.45
ECOL,50.8
ECPG,33.85
ECYT,2.22
EDAP,3.1
EDBI,27.85
EDGE,10.16
EDGW,6.5
EDIT,26.02
EDUC,8.75
EEFT,81.92
EEI,10.05
EEMA,57.83
EFAS,16.07
EFII,47.01
EFOI,4.5
EFSC,45.55
EGAN,2.1
EGBN,62.55
EGHT,15
EGLE,5.4
EGLT,5.03
EGOV,21.8
EGRX,74.12
EGT,1.43
EHTH,11.16
EIGI,9.5
EIGR,11.35
EKSO,3.86
ELEC,9.9798
ELECU,10.64
ELECW,0.46
ELGX,6.76
ELNK,5.63
ELON,4.73
ELOS,9.9
ELSE,4.0996
ELTK,0.82
EMCB,71.18
EMCF,27.4365
EMCG,21.6146
EMCI,28.43
EMIF,30.11
EMITF,3.39
EMKR,10.15
EML,19.5
EMMS,2.89
ENDP,13.08
ENFC,23.1
ENG,2.55
ENOC,6
ENPH,1.64
ENSG,18.11
ENT,6.22
ENTA,29.17
ENTG,21.95
ENTL,17.02
ENZL,42.61
ENZY          ,8.95
EPAY,25.55
EPIX,2.23
EPZM,12.8
EQBK,33.5
EQFN,10.01
EQIX,374.28
ERI,16.55
ERIC,5.96
ERIE,114.12
ERII,9.25
ERS,5.919
ESBK,21.4999
ESCA,13
ESEA,1.65
ESES,1.18
ESG,55.0199
ESGD,58.4099
ESGE,59.5099
ESGG,81.86
ESGR,192.85
ESGU,50.5
ESIO,6.78
ESLT,118.55
ESND,21.42
ESPR,25
ESRX,69.97
ESSA,16.72
ESXB,8
ETFC,37.17
ETRM,7.15
ETSY,12.9
EUFN,19.6
EVAR,0.6295
EVBG,18.95
EVBS,10.8
EVEP,1.8
EVGBC,100.03
EVGN,5.31
EVK,2.4
EVLMC,100.06
EVLV,1.35
EVOK,3.4
EVOL,4.55
EVSTC,99.99
EWBC,53.81
EWZS,14.27
EXA,15.93
EXAC,25.15
EXAS,19.91
EXEL,23.12
EXFO,5.3
EXLS,47.2
EXPD,56.5
EXPE,119.41
EXPO,58.3
EXTR,6.19
EYEG,1.6399
EYEGW,0.1404
EYES,1.85
EZPW,9.15
FAAR,29.03
FAB,52.35
FAD,55.75
FALC,0.68
FALN,27.36
FANG,107.63
FANH,9.24
FARM,32.65
FARO,38.3
FAST,50.71
FATE,3.93
FB,133.53
FBIO,2.85
FBIZ,25.7
FBMS,30.5
FBNC,30.95
FBNK,24.35
FBRC,16.7
FBSS,17.55
FBZ,16.63
FCA,21.41
FCAN,24.57
FCAP,33
FCBC,27.66
FCCO,21.7
FCCY,19.1
FCEF,20.8299
FCEL,1.6
FCFP,13.3
FCFS,43.55
FCNCA,367.8
FCSC,0.71
FCVT,26.9
FDEF,49.94
FDIV,51.16
FDT,50.65
FDTS,35.7
FDUS,16.6
FEIM,10.72
FELE,40.75
FEM,22.83
FEMB,41.8699
FEMS,34.86
FENX,2.17
FEP,30.78
FEUZ,33.798
FEX,51.59
FEYE,11.83
FFBC,28.4
FFBCW,17.15
FFHL,3.28
FFIC,28.93
FFIN,43.75
FFIV,143.35
FFKT,40.05
FFNW,20.53
FFWM,16.56
FGBI,24.85
FGEN,24.6
FGM,38.09
FH,2.24
FHB,32.02
FHCO,1.05
FHK,34.94
FIBK,42.5
FINL,17.31
FINQ,24.84
FINX,15.8
FISI,34.35
FISV,111.98
FITB,27.54
FITBI,28.77
FITS,25.2147
FIVE,39.74
FIVN,16.58
FIXD,50.24
FIZZ,57.71
FJP,50.11
FKO,23.9
FKU,33.85
FLAG,39.41
FLAT,59.23
FLDM,6.59
FLEX,16.44
FLGT,11.34
FLIC,28.2
FLIR,36.62
FLKS,4.57
FLL,2.26
FLN,21.81
FLWS,10
FLXN,19.23
FLXS,52.74
FMB,51.51
FMBH,33.13
FMBI,24.64
FMI,24.4
FMK,29.57
FMNB,14.15
FNBC,4.75
FNCX,1.9
FNGN,39.95
FNHC,19.86
FNJN,1.3814
FNK,33.989
FNLC,27.98
FNSR,33.75
FNTEU,10.08
FNWB,15.97
FNX,59.02
FNY,33.46
FOANC,100.01
FOGO,14.35
FOLD,6.27
FOMX,10.24
FONE,44.18
FONR,18.65
FORD,1.15
FORK,3.45
FORM,11.85
FORR,37.8
FORTY,41.72
FOSL,20.73
FOX,29.92
FOXA,30.35
FOXF,27
FPA,29.925
FPAY,4.72
FPRX,48.17
FPXI,27.5624
FRAN,18.03
FRBA,14.35
FRBK,7.95
FRED,17.68
FRGI,28
FRME,41.09
FRP,18.3
FRPH,39.55
FRPT,11.05
FRSH,4.15
FRTA,18.76
FSAM,5.35
FSBC,14.31
FSBK,12.3101
FSBW,37.5004
FSC,4.62
FSCFL,25.2216
FSFG,48.85
FSFR,9.09
FSLR,34.84
FSNN,1.49
FSTR,13.45
FSV,56.71
FSZ,43.22
FTA,49.4643
FTAG,24.43
FTC,52.015
FTCS,43.23
FTD,23.8
FTEK,1.23
FTEO,14.24
FTGC,20.68
FTHI,21.56
FTLB,21.37
FTNT,37.455
FTR,3.29
FTRI,11.4113
FTRPR,69.69
FTSL,48.56
FTSM,59.98
FTW,34.2
FTXD,19.73
FTXG,20.362
FTXH,19.8
FTXL,24.5436
FTXN,21.3954
FTXO,27.39
FTXR,23.8336
FUEL,2.47
FULLL,25.5301
FULT,19.1
FUNC,15.55
FUND,7.56
FUSB,14.39
FV,24.26
FVC,22.59
FVE,2.5
FWONA,31.77
FWONK,31.96
FWP,30.09
FWRD,50.08
FXCM,2.9
FYC,36.4902
FYT,34.9
FYX,55.23
GABC,49.53
GAIA,8.9
GAIN,9.11
GAINM,25.51
GAINN,25.7599
GAINO,25.7
GALE,0.75
GALT,1.47
GALTU,3.65
GALTW,0.1706
GARS,9.81
GASS,4.1
GBCI,36.63
GBDC,18.71
GBLI,39.38
GBLIZ,25.19
GBNK,24.7
GBT,26.9
GCBC,23.55
GCVRZ,0.45
GDEN,11.52
GDS,8.28
GEC,3.35
GECC,11.33
GEMP,9.9
GENC,14.7
GENE,1.15
GENY,26.2238
GEOS,18.88
GERN,2.28
GEVO,1.3
GFED,20.27
GFN,5.35
GFNCP,94.15
GFNSL,24.37
GGAL,34.62
GHDX,29.11
GIFI,13.15
GIGA,0.86
GIGM,3.07
GIII,26.48
GILD,69.85
GILT,5.48
GK,94.49
GLAD,9.2
GLADO,25.48
GLBL,4.6
GLBS,7.44
GLBZ,12.24
GLDD,4.95
GLDI,9.45
GLMD,4.19
GLNG,26.57
GLPG,69.8
GLPI,31.88
GLRE,23.45
GLUU,2.06
GLYC,6.49
GMAN,0.64
GMLP,23.67
GNBC,16.95
GNCA,4.6
GNCMA,19.88
GNMA,49.72
GNMK,10.545
GNMX,4.91
GNRX,22.54
GNTX,20.62
GNUS,4.6
GNVC,7.04
GOGL,5.865
GOGO,9.22
GOLD,91.17
GOOD,20.37
GOODM,25.535
GOODO,25.2
GOODP,25.417
GOOG,828.07
GOOGL,846.55
GOV,19.57
GOVNI,24.77
GPAC,10.01
GPACU,10.55
GPACW,0.5
GPIA,9.9701
GPIAU,10.2497
GPIAW,0.7
GPIC,11.44
GPOR,19.48
GPP,19.7
GPRE,23.8
GPRO,9.25
GRBK,9.7
GRFS,17.4
GRID,41.02
GRIF,31.68
GRMN,50.81
GROW,1.79
GRPN,4.66
GRVY,26.02
GSBC,51.5
GSHTU,10.4
GSIT,6.99
GSM,11.43
GSOL,9.15
GSUM,11.95
GSVC,5.45
GT,36.07
GTIM,3.2
GTLS,39.01
GTWN,25.8
GTXI,4.7
GTYH,9.9
GTYHU,10.26
GTYHW,1.2
GUID,7.33
GULF,18.08
GURE,1.98
GWGH,9.5
GWPH,129.59
GWRS,8.7
GYRO,19.97
HA,50.3
HABT,14.65
HAFC,33.65
HAIN,34.95
HALL,11.15
HALO,12.61
HAS,98.5
HAWK,36
HAYN,41.83
HBAN,14.13
HBANN,25.15
HBANO,26.83
HBANP,1385.3249
HBCP,36.7
HBHC,46.8
HBHCL,25.27
HBIO,3.1
HBK,15.25
HBMD,18.8
HBNC,26.25
HBP,6.56
HCAC,10.01
HCACU,10.55
HCACW,1.03
HCAP,14.03
HCAPL,26.74
HCCI,15.4
HCKT,16.64
HCM,13.38
HCOM,24.62
HCSG,41.55
HDNG,11
HDP,10.54
HDS,43.25
HDSN,7.73
HEAR,1.14
HEBT,4.2
HEES,24.33
HELE,97.95
HEOP,13.81
HFBC,15.01
HFBL,28
HFWA,25.25
HGSH,1.7378
HIBB,29.7
HIFS,188.8
HIHO,3.65
HIIQ,18.2
HIMX,6.94
HLG,8.4
HLIT,5.7
HMHC,11.3
HMNF,18.5
HMNY,3.61
HMST,26.75
HMSY,18.67
HMTA,9.7998
HMTV,11.35
HNH,25.15
HNNA,27.78
HNRG,9.25
HOFT,33.15
HOLI,17.42
HOLX,40
HOMB,28.01
HONE,19.57
HOPE,21.63
HOTR,0.44
HOTRW,0.14
HOVNP,7.99
HPJ,2.345
HPT,31.78
HQCL,8.84
HQY,42.83
HRMN,10.19
HRMNU,10.8
HRMNW,0.7948
HRTX,14.3
HRZN,11.55
HSGX,1.74
HSIC,168.11
HSII,21.8
HSKA,83.06
HSNI,35.95
HSON,1.22
HSTM,23.18
HTBI,26
HTBK,14.21
HTBX,0.9266
HTGM,1.86
HTHT,55.98
HTLD,20.53
HTLF,49.1
HUBG,50.55
HUNT,9.75
HUNTU,10.02
HUNTW,0.8
HURC,28
HURN,42.6
HVBC,13.95
HWBK,19.95
HWCC,7
HWKN,50.05
HYGS,6.5
HYLS,48.89
HYND,21.1798
HYXE,51.85
HYZD,23.91
HZNP,16.965
IAC,75.38
IART,44.16
IBB,294.35
IBCP,21.55
IBKC,85.25
IBKCO,27.24
IBKCP,27.1276
IBKR,38.69
IBOC,38.35
IBTX,66.3
IBUY,28.9247
ICAD,3.75
ICBK,28
ICCC,5.52
ICFI,52.5
ICHR,17.27
ICLN,8.73
ICLR,85.68
ICON,9.31
ICPT,128.45
ICUI,152.2
IDCC,99.6
IDLB,25.54
IDRA,1.74
IDSA,2.38
IDSY,6
IDTI,24.42
IDXG,2.72
IDXX,142.23
IEP,55.98
IEPRR,2.29
IESC,20
IEUS,46.27
IFEU,34.06
IFGL,27.43
IFMK,23.9
IFON,0.75
IFV,19.19
IGF,40.325
IGLD,11.2601
IGOV,90.24
III,3.09
IIIN,37.46
IIJI,8.8322
IIN,7.5
IIVI,39
IKGH,0.355
IKNX,10.2
ILG,18.98
ILMN,163.37
IMDZ,5.5
IMED,24.78
IMGN,2.43
IMI,1.12
IMKTA,46.8
IMMR,11.505
IMMU,5.34
IMMY,2.54
IMNP          ,0.1859
IMOS,16.08
IMPV,45.7
INAP,1.82
INBK,31.55
INBKL,24.6
INCR,54.5
INCY,120.49
INDB,63.8
INDY,30.05
INFI,2.44
INFN,11.36
INFO,40.2
INFR,26.24
INGN,69.36
INNL,0.6801
INO,6.96
INOD,2.25
INOV,11.3
INSE,9.25
INSEW,0.552
INSG,2.92
INSM,15.43
INSY,11.1
INTC,36.48
INTG,27.978
INTL,36.91
INTU,119.86
INTX,3.57
INVA,12.04
INVE,5.6
INVT,0.5503
INWK,9.8
IONS,46.94
IOSP,70.6
IOTS,4.4
IPAR,35.4
IPAS,1.3
IPCC,89
IPCI,2.45
IPDN,9.55
IPGP,119.5
IPHS,49.67
IPKW,30.395
IPWR,2.48
IPXL,14.6
IRBT,55.58
IRCP,44
IRDM,9.4
IRDMB,348.894
IRG,0.49
IRIX,15.09
IRMD,8.7
IROQ,20.28
IRTC,37.85
IRWD,17.14
ISBC,14.9
ISCA,38.05
ISHG,78.11
ISIG,1.5
ISIL,22.18
ISLE,24.54
ISM,24.902
ISNS,3.7
ISRG,724.66
ISRL,125
ISSC,3.17
ISTR,20.2
ITCI,13.27
ITEK,1.625
ITEQ,27.15
ITI,5.32
ITIC,134.86
ITRI,63.95
ITRN,27.55
ITUS,4.95
IVAC,10.4
IVENC,100.01
IVFGC,100.01
IVFVC,100.01
IVTY,8.1
IXUS,53.61
IXYS,12.975
IZEA,5
JACK,107.46
JAGX,0.96
JAKK,5.15
JASN,1.45
JASNW,0.055
JASO,5.07
JAZZ,137.19
JBHT,101.04
JBLU,20.11
JBSS,61.79
JCOM,82.31
JCS,4.72
JCTCF,12.5945
JD,29.85
JIVE,4.25
JJSF,129.85
JKHY,92.53
JKI,150.02
JMBA,9.75
JMU,2.95
JNCE,19.9
JNP,4.8
JOBS,35.79
JOUT,33.76
JRJC,3.33
JRVR,43.89
JSM,23
JSMD,32.4755
JSML,31.0352
JSYN,10.18
JSYNR,0.34
JSYNU,10.73
JSYNW,0.2698
JTPY,2.5
JUNO,23.13
JVA,4.46
JXSB,30.01
JYNT,3.83
KALU,82.07
KALV,7.51
KANG,17.52
KBAL,16.56
KBSF,6.12
KBWB,49.6
KBWD,24.1201
KBWP,57.7
KBWR,56.99
KBWY,37.95
KCAP,4.04
KE,16.5
KELYA,21.99
KELYB,21.5
KEQU,25.35
KERX,5.06
KEYW,10.27
KFFB,9.9779
KFRC,25.2
KGJI,1.31
KHC,96.65
KIN,6
KINS,13.65
KIRK,11.4
KITE,54.66
KLAC,88.46
KLIC,20.54
KLRE,10.4
KLREU,12.01
KLREW,1.45
KLXI,49.94
KMDA,7.05
KMPH,3.6
KNDI,4.15
KNSL,29.71
KONA,8.3
KONE,3.57
KOOL,2.95
KOPN,3.53
KOSS,2.45
KPTI,10.6
KRMA,16.7763
KRNT,17.95
KRNY,15.6
KTCC,7.33
KTEC,13.0197
KTOS,8.33
KTOV,1.78
KTOVW,0.44
KTWO,20.45
KURA,7.2
KVHI,10.3
KWEB,40.01
KZ,7.1
LABL,71.55
LAKE,10.7
LALT,22.5826
LAMR,78.1
LANC,132.65
LAND,12.25
LANDP,25.68
LARK,29.251
LAUR,13.11
LAWS,26.35
LAYN,9.71
LBAI,20.05
LBIO,7.15
LBIX,2.0419
LBRDA,85.04
LBRDK,86.44
LBTYA,36.75
LBTYB,35.25
LBTYK,35.58
LCA,9.98
LCAHU,10.7
LCAHW,0.67
LCNB,23.95
LCUT,14.7
LDRI,24.9378
LE,19.1
LECO,85.43
LEDS,3.3
LENS,3.3
LEXEA,43.71
LEXEB,41
LFUS,163.41
LFVN,6.63
LGCY,2.2
LGCYO,10.21
LGCYP,10.07
LGIH,28.86
LGND,105.71
LHCG,48.3
LIFE,3.55
LILA,26.73
LILAK,26.54
LINC,1.87
LIND,9.25
LINDW,2.3
LINK,9.59
LION,24.02
LIOX,5.735
LITE,51.1
LIVE,17.63
LIVN,49.24
LJPC,18.97
LKFN,45.93
LKOR,50.33
LKQ,31.94
LLIT,1.54
LLNW,2.41
LLTC,64.92
LMAT,23.8
LMB,14.15
LMBS,52.3
LMFA,4.13
LMFAW,0.1448
LMIA,13.66
LMNR,18.36
LMNX,18.25
LMOS,15.23
LMRK,15.5
LMRKO,25.1999
LMRKP,25.44
LNCE,39
LNDC,13.4
LNGR,16.42
LNTH,9.45
LOAN,6.2
LOB,23
LOCO,13.4
LOGI,29.36
LOGM,95.85
LONE,6.48
LOPE,61.39
LORL,40.9
LOXO,41.74
LPCN,3.78
LPLA,40.53
LPNT,63.9
LPSN,7.05
LPTH,2.21
LPTX,7.52
LQDT,8.5
LRAD,1.69
LRCX,114.9
LSBK,15.91
LSCC,6.89
LSTR,87.25
LSXMA,38.02
LSXMB,39.82
LSXMK,37.86
LTBR,1.04
LTEA,4.13
LTRPA,15.4
LTRPB,17.5
LTRX,2.24
LTXB,42.53
LULU,66.73
LUNA,1.95
LVHD,29.52
LVNTA,43.87
LVNTB,44.86
LWAY,11.58
LXRX,15.74
LYTS,9.95
MACK,3.18
MACQ,9.95
MACQU,10.2
MACQW,0.35
MAGS,7.02
MAMS,6.57
MANH,50.46
MANT,40.46
MAR,89.36
MARA,1.34
MARK,3.19
MARPS,5.38
MASI,84.11
MAT,26.1
MATR,3.75
MATW,67.95
MAUI,24.2
MAYS,41.5
MB,24.8
MBCN,42
MBFI,45.2
MBFIP,26.534
MBII,2.05
MBOT,5.05
MBRG,35.59
MBRX,1.15
MBSD,24.1448
MBTF,11
MBUU,21.37
MBVT,51.85
MBVX,3.01
MBWM,33.45
MCBC,10.19
MCEF,18.5
MCEP,2.76
MCFT,14.89
MCHI,49.01
MCHP,71.68
MCHX,2.8
MCRB,9.56
MCRI,23.89
MDCA,9
MDCO,53.4
MDGL,15.995
MDGS,0.62
MDIV,19.71
MDLZ,42.5
MDRX,12.39
MDSO,56.1
MDSY,1.02
MDVX,1.4
MDVXW,0.36
MDWD,6.2
MDXG,8.29
MEDP,35.22
MEET,4.82
MEIP,1.74
MELI,198.43
MELR,17.3
MEMP,0.1749
MENT,36.92
MEOH,50.55
MERC,12.5
MESO,6.41
METC,10.94
MFIN,2.32
MFINL,15.47
MFNC,13.5822
MFRI,8.61
MFSF,31.45
MGCD,9.3
MGEE,63.45
MGEN,11.8
MGI,12.76
MGIC,7.75
MGLN,78.4
MGNX,21.39
MGPI,44.05
MGRC,38.78
MGYR,13
MHLD,16.75
MICT,1.38
MICTW,0.3013
MIDD,138.21
MIII,9.81
MIIIU,10.04
MIIIW,0.29
MIK,20.78
MILN,16.4501
MIME,19.54
MIND,4.65
MINDP,23.99
MINI,33.4
MIRN,2.325
MITK,6.1
MITL,7.14
MKSI,67.4
MKTX,193.08
MLAB,123.02
MLHR,30.15
MLNK,1.71
MLNX,49.05
MLVF,21
MMAC,22.65
MMLP,18.7
MMSI,28.25
MMYT,33.8
MNDO,2.7083
MNGA,0.5271
MNKD,0.526
MNOV,6.11
MNRO,57.6
MNST,43.63
MNTA,19
MNTX,8.21
MOBL,4.75
MOCO,19.9
MOFG,36.45
MOGLC,100.01
MOMO,27
MORN,79.93
MOSY,3.5
MOXC,3.12
MPAA,28.99
MPB,26.45
MPCT,50.42
MPEL,16.99
MPVD,4.65
MPWR,86.52
MRAM,9.33
MRCC,15.79
MRCY,37.5
MRDN,2.95
MRDNW,0.55
MRLN,24.15
MRNS,1.46
MRTN,23.9
MRTX,6.2
MRUS,25.22
MRVC,7.95
MRVL,15.81
MSBF,15.44
MSBI,35.14
MSCC,54.26
MSDI,1.71
MSDIW,0.25
MSEX,35.5
MSFG,34.63
MSFT,64.62
MSG,175.3
MSLI,0.86
MSON,9.605
MSTR,192.87
MTBC,0.7795
MTBCP,25.4782
MTCH,17.16
MTEX,19.5
MTFB,6.3843
MTFBW,1.48
MTGE,16
MTGEP,25.7
MTLS,9.06
MTP,3.0701
MTRX,17.25
MTSC,56.15
MTSI,48.79
MTSL,0.9
MU,23.35
MVIS,1.82
MXIM,45.11
MXPT,4.61
MXWL,4.98
MYGN,18.62
MYL,42.05
MYOK,12.75
MYOS,3.53
MYRG,38.56
MYSZ,3.6
MZOR,22.53
NAII,9.35
NAKD,2.52
NAME,8.65
NANO,27.18
NATH,61.45
NATI,32.07
NATR,12
NAUH,2.49
NAVG,55.85
NAVI,15.45
NBEV,4.09
NBIX,44.05
NBN,13.85
NBRV,10.82
NBTB,41.37
NCBS,49.18
NCIT,14.05
NCLH,47.69
NCMI,12.68
NCOM,38.35
NCTY,1.05
NDAQ,71.51
NDLS,3.8
NDRM,25.25
NDSN,119.95
NEO,7.98
NEOG,65.93
NEON,1.6
NEOS,5.65
NEOT,1.6
NEPT,1.06
NERV,9.9
NETE,0.81
NEWS,9.83
NEWT,16.2
NEWTL,25.4201
NEWTZ,26.27
NFBK,18.35
NFEC,1.01
NFLX,142.22
NGHC,25.28
NGHCN,25.41
NGHCO,25.48
NGHCP,25.56
NGHCZ,26.05
NH,7.84
NHLD,3.0208
NHLDW,0.7001
NHTC,26.91
NICE,69.04
NICK,11.17
NIHD,2.15
NILE,40.71
NK,5.23
NKSH,40.35
NKTR,13.1
NLNK,15.27
NLST,1
NMIH,11.1
NMRX,5.49
NNBR,20
NNDM,6.45
NOVN,5.64
NOVT,24.5
NRCIA,17.5
NRCIB,39.88
NRIM,30.25
NSEC,16.4492
NSIT,44.48
NSSC,8.95
NSTG,19.11
NSYS,4.32
NTAP,40.17
NTCT,37.9
NTEC,4.7
NTES,297.25
NTGR,56.2
NTIC,15.45
NTLA,13.54
NTNX,31.47
NTRA,9.95
NTRI,36.45
NTRS,87.2
NTRSP,27.16
NTWK,4.55
NUAN,16.96
NURO,0.6661
NUROW,0.06
NUTR,34.9
NUVA,74.22
NVAX,1.51
NVCN,1.37
NVCR,7.7
NVDA,107.23
NVDQ,6.59
NVEC,74.95
NVEE,40.75
NVET,3.25
NVFY,1.26
NVGN,1.74
NVIV,4.45
NVLN,10.78
NVLS,2.63
NVMI,17
NVTR,7.85
NWBI,17.96
NWFL,39
NWLI,313.2
NWPX,18.28
NWS,13.5
NWSA,13.08
NXEO,9.52
NXEOU,10.2
NXEOW,0.75
NXPI,102.4
NXST,67.8
NXTD,2.3838
NXTDW,0.2
NXTM,29.365
NYMT,6.52
NYMTO,23.6222
NYMTP,23.7294
NYMX,3.42
NYNY,23.1
OACQ,10.7
OACQR,0.35
OACQU,10.5
OACQW,0.17
OASM,2.63
OBAS,9.35
OBCI,4.12
OBLN,9.31
OBSV,13.21
OCC,3.45
OCFC,29.44
OCLR,11.02
OCRX,0.645
OCUL,10.12
ODFL,92.36
ODP,4.54
OESX,1.81
OFED,23.25
OFIX,37.31
OFLX,45.7
OFS,14.5
OGXI,0.58
OHAI,1.84
OHGI,0.2944
OHRP,1.05
OIIM,2.3
OKSB,27.9
OLBK,28.8
OLD,24.036
OLED,72.15
OLLI,32.55
OMAB,37.29
OMCL,38.6
OMED,8.73
OMER,11.02
OMEX,4.17
ON,15.6
ONB,18.7
ONCE,64.49
ONCS,1.4
ONEQ,229.94
ONS,3.46
ONSIW,0.5579
ONSIZ,0.45
ONTX,3.03
ONTXW,0.7
ONVI,3.95
ONVO,2.97
OPB,21.9
OPGN,1.06
OPGNW,0.0884
OPHC,3.866
OPHT,4.5
OPK,8.81
OPOF,28.45
OPTT,2.71
OPXA,1.1
OPXAW,0.0189
ORBC,8.18
ORBK,31.08
OREX,4.38
ORG,24.6592
ORIG,1.22
ORIT,17.25
ORLY,268.12
ORMP,6.38
ORPN,1.17
ORRF,23.2
OSBC,10.85
OSBCP,10.34
OSIR,6.02
OSIS,77.36
OSM,25
OSN,2.37
OSTK,18.6
OSUR,11.23
OTEL,6.15
OTEX,33.54
OTIC,15.55
OTIV,1.8701
OTTR,37.75
OTTW,13.1605
OVAS,1.52
OVBC,28.3512
OVLY,14.82
OXBR,6
OXBRW,0.7
OXFD,13.39
OXLC,11.47
OXLCN,25.94
OXLCO,25.65
OZRK,55.11
PAAC,10.35
PAACR,0.5301
PAACU,10.97
PAACW,0.28
PAAS,19.34
PACB,5.33
PACE,10.35
PACEU,11.1492
PACEW,0.692
PACW,55.58
PAGG,25.8499
PAHC,29.15
PANL,3.1
PATI,24.51
PATK,78.35
PAVM,6.2
PAVMW,2.4999
PAYX,59.13
PBBI,10.85
PBCT,19.19
PBCTP,26.24
PBHC,15.09
PBIB,9.74
PBIP,17.48
PBMD,2.47
PBNC,48.83
PBPB,13.5
PBSK,20.2
PBYI,40.25
PCAR,68.85
PCBK,25.75
PCH,44.15
PCLN,1637.4
PCMI,27.6
PCO,6.59
PCOM,7.69
PCRX,43.7
PCTI,5.69
PCTY,36.27
PCYG,15.45
PCYO,5.35
PDBC,17.21
PDCE,72.56
PDCO,44.08
PDEX,5.1
PDFS,22.09
PDLI,2.27
PDP,44.89
PDVW,22.65
PEBK,27.26
PEBO,32.87
PEGA,40.65
PEGI,20.59
PEIX,7.8
PENN,14.04
PERF,2.05
PERI,2.08
PERY,22.93
PESI,3.125
PETS,21.19
PETX,6.34
PEY,17.03
PEZ,43.38
PFBC,56.97
PFBI,19.58
PFBX,15.85
PFI,32
PFIE,1.27
PFIN,8.45
PFIS,44.25
PFLT,13.67
PFM,23.67
PFMT,1.8
PFPT,81.84
PFSW,7.45
PGC,32.59
PGJ,32.72
PGLC,3.2
PGNX,10.62
PGTI,11.4
PHII,15.4501
PHIIK,15.96
PHMD,2.01
PHO,25.77
PI,31.17
PICO,13.75
PID,14.975
PIE,16.14
PIH,7.05
PINC,31.35
PIO,21.84
PIRS,2.095
PIZ,22.73
PKBK,21.55
PKOH,45.2
PKW,52.57
PLAB,11.25
PLAY,58.19
PLBC,19.5
PLCE,100.25
PLKI,66.12
PLPC,53.04
PLPM,4.31
PLSE,13.75
PLUG,1.11
PLUS,121.8
PLW,32.04
PLXS,57.41
PMBC,7.7
PMD,20.2
PME,3.65
PMPT,24.58
PMTS,4.9
PNBK,14.65
PNFP,70.6
PNK,16.41
PNNT,8.52
PNQI,92.49
PNRA,231.42
PNRG,59
PNTR,7.85
PODD,45.33
POLA,8.91
POOL,116.61
POPE,70.475
POWI,65.75
POWL,34.12
PPBI,40.25
PPC,20.67
PPH,55.25
PPHM,0.55
PPHMP,20.75
PPSI,7.4
PRAA,42.15
PRAH,61.32
PRAN,2.31
PRCP,8.5
PRFT,18.29
PRFZ,118.47
PRGS,29.25
PRGX,5.9
PRIM,25.3
PRKR,2.2
PRMW,14.685
PRN,52.32
PROV,18.88
PRPH,2.03
PRQR,4.25
PRSC,40.89
PRSS,3.3
PRTA,55.22
PRTK,16.1
PRTO,1.95
PRTS,3.21
PRXL,66.19
PRZM,0.3352
PSAU,21.02
PSC,28.4883
PSCC,68.53
PSCD,51.61
PSCE,20.12
PSCF,52.95
PSCH,78.29
PSCI,56.67
PSCM,47.73
PSCT,74.09
PSCU,47.52
PSDV,1.8
PSEC,9.44
PSET,27.1599
PSIX,6.38
PSL,56.45
PSMT,90.1
PSTB,12.02
PSTI,1.14
PTC,54.26
PTCT,14.16
PTEN,27.43
PTF,43.3501
PTGX,15.17
PTH,53.72
PTI,16.31
PTIE,0.6003
PTLA,31.68
PTNR,5.89
PTSI,19.24
PTX,2.61
PTXP,15.91
PUB,26.25
PUI,26.36
PULM,4.01
PVAC,49.72
PVBC,19.65
PVTB,56.94
PVTBP,27.15
PWOD,49.1
PXI,41.7
PXLW,4.08
PXS,2.6
PY,29.05
PYDS,1.71
PYPL,41.96
PYZ,64.04
PZRX,1.6844
PZZA,86.01
QABA,53.36
QADA,29.2
QADB,25
QAT,20.06
QBAK,3.93
QCLN,16.74
QCOM,56.46
QCRH,44.9
QDEL,20.89
QGEN,28.89
QINC,23.41
QIWI,15.48
QLC,29.2196
QLYS,35.6
QNST,3.33
QPAC,10.05
QPACU,10.45
QPACW,0.46
QQEW,50.71
QQQ,129.81
QQQC,23.411
QQQX,20.505
QQXT,44.005
QRHC,2.18
QRVO,67.12
QSII,15.58
QTEC,58.49
QTNA,21.43
QTNT,6.6
QUIK,1.67
QUMU,2.33
QUNR,30.88
QURE,6.31
QVCA,19.3
QVCB,18.62
QYLD,23.14
RADA,1.26
RAIL,14.62
RAND,3.2
RARE,76.91
RARX,21.76
RAVE,2.35
RAVN,29.1
RBCAA,36.06
RBCN,0.55
RBPAA,4.18
RCII,8.2
RCKY,11.05
RCMT,6
RCON,1.32
RDCM,17.05
RDHL,9.88
RDI,16.16
RDIB,16.75
RDNT,6.2
RDUS,45.65
RDVY,26.39
RDWR,16.29
RECN,16.9
REFR,1.8
REGI,9
REGN,371.18
REIS,21.1
RELL,6.21
RELV,5.649
RELY,5.05
REPH,7.79
RESN,4.9
RETA,23.16
REXX,0.7
RFAP,54.37
RFDI,54.6531
RFEM,58.9099
RFEU,54.26
RFIL,1.5
RGCO,25.5383
RGEN,31.02
RGLD,69.95
RGLS,1.15
RGNX,17.3
RGSE,2.1
RIBT,0.9
RIBTW,0.16
RICK,17.3
RIGL,2.39
RILY,17.55
RILYL,26.2
RKDA,0.97
RLJE,2.4938
RLOG,0.89
RMBS,12.6
RMCF,11.43
RMGN,0.81
RMR,51.25
RMTI,6
RNDB,15.25
RNET,18.6
RNST,41.07
RNVA,0.07
RNVAZ,0.0269
RNWK,5.03
ROBO,31.6
ROCK,40.3
ROIA,2.725
ROIAK,2.8
ROIC,20.99
ROKA,4.72
ROLL,94
ROSG,0.4801
ROST,68.55
RP,34.55
RPD,15.16
RPRX,1.22
RPXC,11.49
RRD,17.58
RRGB,47.8
RRR,23.37
RSYS,3.84
RTIX,3.525
RTK,2.75
RTNB,8.81
RTRX,20.67
RTTR,3.19
RUN,5.96
RUSHA,34.85
RUSHB,31.86
RUTH,17.55
RVEN,5.8
RVLT,6.77
RVNC,20.95
RVSB,7.5
RWLK,2.5
RXDX,9.6
RXII,0.6995
RXIIW,0.17
RYAAY,82.97
SABR,21.3
SAEX,5.5
SAFM,95.03
SAFT,73.15
SAGE,64.98
SAIA,48.6
SAJA,3.9744
SAL,38.5
SALE,9.05
SALM,6.9
SAMG,14.15
SANM,40.5
SANW,4.5
SASR,43.26
SATS,55.12
SAUC,1.78
SAVE,51.38
SBAC,108.47
SBBP,2.6
SBBX,22.7
SBCF,23.7
SBCP,18.81
SBFG,18.3
SBFGP,17.979
SBGI,36.5
SBLK,8.26
SBLKL,22.49
SBNY,159.3
SBNYW,120
SBOT,1.7
SBPH,8.3
SBRA,25.32
SBRAP,25.5
SBSI,35.7
SBUX,57.35
SCAC,10.24
SCACU,10.59
SCACW,1.05
SCAI,56.69
SCHL,46.63
SCHN,26.65
SCKT,4.08
SCLN,9.75
SCMP,11.8
SCON,1.46
SCSC,42.9
SCSS,22.87
SCVL,25.32
SCWX,10.71
SCYX,3.62
SCZ,52.91
SEAC,2.49
SEDG,14.85
SEED,2.07
SEIC,50.49
SELB,13.89
SELF,4.59
SENEA,37.35
SENEB,39.5
SEV,13.88
SFBC,29.75
SFBS,41.87
SFLY,48.06
SFM,19.12
SFNC,60.15
SFST,33.35
SGBK,46.9
SGC,17.13
SGEN,65.5
SGLB,3.61
SGLBW,1.25
SGMA,4.3597
SGMO,4
SGMS,20.55
SGOC,3.675
SGQI,26.59
SGRP,1.08
SGRY,20.75
SGYP,6.07
SHBI,17.32
SHEN,29
SHIP,1.1
SHIPW,0.2354
SHLD,7.54
SHLDW,2.411
SHLM,33.75
SHLO,14.69
SHOO,36.3
SHOR,6.85
SHOS,3.9
SHPG,181.08
SHSP,5.08
SIEB,2.72
SIEN,9.05
SIFI,15
SIFY,0.9427
SIGI,43.55
SIGM,6.5
SILC,36.05
SIMO,41.85
SINA,75.62
SINO,3.13
SIR,25.74
SIRI,4.94
SITO,2.29
SIVB,184.58
SIVBO,26.0367
SKIS,6.05
SKLN,2.12
SKOR,50.2845
SKYS,2.25
SKYW,35.7
SKYY,37.77
SLAB,72.05
SLCT,10.98
SLGN,60.2
SLIM,22.9001
SLM,12.23
SLMAP,51.25
SLMBP,66
SLP,10.1
SLQD,50.39
SLRC,22.13
SLVO,9.12
SMBC,36.22
SMBK,21.65
SMCI,27.05
SMCP,23.58
SMED,4.62
SMIT,1.64
SMMF,24.5
SMMT,11.64
SMRT,3.64
SMSI,1.32
SMTC,34.9
SMTX,1.4699
SNAK,6.19
SNBC,26.45
SNC,13
SNCR,33.15
SND,18.84
SNDE,11.0837
SNDX,11.29
SNES,8.06
SNFCA,7.05
SNGX,2.26
SNGXW,0.4
SNH,19.695
SNHNI,23.81
SNHNL,25.79
SNHY,37.73
SNI,76.04
SNLN,18.6
SNMX,1.16
SNOA,6.85
SNOAW,0.5
SNPS,70.51
SNSR,17.294
SNSS,4.25
SOCL,24.49
SODA,47.14
SOFO,4.7712
SOHO,7.44
SOHOB,25.4601
SOHOM,25.839
SOHU,39.35
SONA,16.74
SONC,26.59
SONS,6.025
SORL,2.8
SOXX,132.27
SP,28.25
SPAN,20.85
SPAR,7.45
SPCB,3.52
SPEX,1.27
SPHS,2.76
SPI,1.34
SPIL,7.85
SPKE,24.85
SPLK,64.37
SPLS,9.31
SPNC,26.7
SPNE,6.86
SPNS,15.02
SPOK,19.1
SPPI,5.91
SPRT,2.16
SPSC,54.58
SPTN,38.71
SPU,6.02
SPWH,5.26
SPWR,7.89
SQBG,4.05
SQQQ,39.62
SRAX,2.8
SRCE,46.8
SRCL,85.15
SRCLP,71.98
SRDX,24.8
SRET,14.795
SREV,5.83
SRNE,5.55
SRPT,28.28
SRRA,1.42
SRSC,1.5499
SRTS,4.664
SRTSW,0.8973
SSB,90.45
SSBI,17.51
SSFN,9.75
SSH,5.07
SSKN,0.57
SSNC,35.43
SSRI,11.29
SSYS,21.2
STAA,10
STAF,0.7
STB,5.54
STBA,37.13
STBZ,27.43
STDY,3.2
STFC,26
STKL,7.2
STKS,1.78
STLD,37.16
STLR,10.01
STLRU,10.25
STLRW,0.3499
STLY,0.861
STML,6.8
STMP,131.5
STPP,34.98
STRA,79.05
STRL,9.55
STRM,1.37
STRS,30.35
STRT,29.6
STX,47.14
SUMR,1.93
SUNS,17.34
SUNW,2.15
SUPN,26.1
SVA,5.65
SVBI,7.2
SVVC,8.14
SWIN,26.22
SWIR,27.8
SWKS,96.35
SYBT,45.2
SYKE,28.72
SYMC,28.8
SYMX,0.9196
SYNA,58.87
SYNC,3.15
SYNL,11.4
SYNT,18.64
SYPR,0.87
SYRS,11.03
SYRX,0.2286
SYUT,5.85
TA,7.35
TACO,14.34
TACOW,4.5
TACT,7.1
TAIT,1.18
TALL,23.3957
TANH,1.709
TANNI,25.635
TANNL,25.48
TANNZ,25.6001
TAPR,26.5
TASR,26.5
TAST,16.65
TATT,8.05
TAX,15
TAYD,14.46
TBBK,5.29
TBIO,0.6804
TBK,27.3
TBNK,33.55
TBPH,33.78
TCBI,87.9
TCBIL,25.78
TCBIP,25.64
TCBIW,64.0304
TCBK,37.21
TCCO,2.5
TCFC,31.8577
TCMD,16
TCON,3.95
TCPC,17.24
TCRD,10.4
TCX,44.85
TDIV,31.65
TEAM,29.89
TEAR,0.51
TECD,87.2
TECH,105.24
TEDU,15.26
TELL,12.24
TENX,0.7538
TERP,11.63
TESO,8.4
TESS,13.9
TFSL,17.39
TGA,1.74
TGEN,3.92
TGLS,11.89
TGTX,4.65
THFF,46.95
THLD,0.6592
THRM,35.7
THST,2.01
TICC,7.81
TIG,14.6
TIL,4.09
TILE,17.75
TINY,1.35
TIPT,6.45
TISA,1.48
TITN,13.75
TIVO,20.05
TKAI,0.889
TLF,7.85
TLGT,7.57
TLND,27.64
TLT,120.32
TMUS,63.92
TMUSP,104.69
TNAV,8.7
TNDM,2.45
TNGO,6.03
TNXP,0.548
TOPS,3.22
TORM          ,6.95
TOUR,8.89
TOWN,33.05
TPIC,19.15
TPIV,4.4
TQQQ,83.04
TRCB,16.75
TRCH,1.72
TREE,112.95
TRHC,15.32
TRIB,6.24
TRIL,6.7
TRIP,47.06
TRMB,31.18
TRMK,34.24
TRNC,13.97
TRNS,11.4615
TROV,2.1
TROVU,7.295
TROVW,0.2251
TROW,71.1
TRS,22.5
TRST,8.5
TRUP,16.13
TRVG,13.86
TRVN,7.13
TSBK,22.01
TSC,23.85
TSCO,72.18
TSEM,22.62
TSLA,272.23
TSRA,43.95
TSRI,5.55
TSRO,190.36
TST,0.81
TTD,32.41
TTEC,30
TTEK,42.35
TTGT,9.36
TTMI,16.69
TTNP,3.75
TTOO,6.07
TTPH,5.43
TTS,17.7
TTWO,59.69
TUES,4
TUSA,29.1126
TUSK,20.12
TUTI,22.71
TUTT,22.15
TVIA,1.05
TVIX,4.4
TVIZ,4.98
TVTY,26.6
TWIN,19.5
TWMC,2.8
TWNK,15.6
TWNKW,2.7
TWOU,35.93
TXN,76.44
TXRH,48.24
TYHT,3.82
TYPE,21.4
TZOO,9.4
UAE,17.48
UBCP,12.6
UBFO,7.95
UBIO,28.28
UBND,49.9599
UBNK,18.41
UBNT,49.28
UBOH,23.0044
UBSH,37.18
UBSI,45.05
UCBA,17.3
UCBI,29.12
UCFC,8.9
UCTT,12.19
UDBI,28.24
UEIC,72.65
UEPS,12.97
UFCS,41.32
UFPI,104.69
UFPT,24.45
UG,15
UGLD,10.215
UHAL,381.21
UIHC,15.95
ULBI,5.5
ULH,13.1
ULTA,275.15
ULTI,197.47
UMBF,80.1
UMPQ,18.88
UNAM,10
UNB,42
UNFI,44.32
UNIS,2.05
UNTY,17
UNXL,1.03
UPLD,11.84
URBN,27.48
URRE,2.15
USAK,9.485
USAP,16.085
USAT,4.15
USATP,21.52
USCR,62.45
USEG,0.9
USLB,28.07
USLM,76.35
USLV,16.12
UTEK,28.76
UTHR,168.16
UTMD,63.4
UTSI,1.79
UVSP,28.9
VALU,17.86
VALX,26.77
VASC,56
VBFC,28.55
VBIV,4.79
VBLT,5.6
VBND,49.09
VBTX,29.11
VCEL,3.05
VCIT,86.2
VCLT,89.88
VCSH,79.7
VCYT,8
VDSI,13.4
VDTH,9.4
VECO,27.55
VGIT,64.22
VGLT,74.34
VGSH,60.81
VIA,47
VIAB,43.99
VIAV,10.71
VICL,2.26
VICR,15.1
VIDI,23.44
VIGI,56.07
VIIX,5.94
VIIZ,9.88
VIP,4.27
VIRC,4.2
VIRT,18.8
VISN,3.51
VIVE,4.73
VIVO,12.75
VKTX,1.55
VKTXW,0.42
VLGEA,30.38
VMBS,52.42
VNDA,15
VNET,7.39
VNOM,17.61
VNQI,52.43
VOD,25.11
VONE,108.07
VONG,115.12
VONV,101.39
VOXX,4.35
VRA,10.71
VRAY,5.05
VREX,32.68
VRIG,25.09
VRML,1.75
VRNS,27.95
VRNT,38.35
VRSK,84.9
VRSN,82.3
VRTB,2.58
VRTS,110.9
VRTSP,101.83
VRTU,28.5
VRTX,88.33
VSAR,16.35
VSAT,67.21
VSEC,40.82
VSTM,1.23
VTGN,2.3
VTHR,108.2767
VTIP,49.37
VTL,4.6
VTNR,1.43
VTVT,5.21
VTWG,117.15
VTWO,111.46
VTWV,104.81
VUSE,29.97
VUZI,5.95
VVPR,4.86
VVUS,1.09
VWOB,79.15
VWR,27
VXUS,48.65
VYGR,12.44
VYMI,59.73
WABC,57.92
WAFD,34.7
WAFDW,16.9608
WASH,55.6
WATT,15.47
WAYN,18.3
WB,55.31
WBA,85.86
WBB,22.6222
WBKC,34.269
WBMD,51.16
WCFB,9.908
WCST,1.6099
WDC,74.91
WDFC,110.8
WEB,20.2
WEBK,27.1
WEN,14.13
WERN,27.85
WETF,9.05
WEYS,28.16
WFBI,28.44
WFM,30.91
WGBS,6.86
WHF,12.93
WHFBL,25.56
WHLM,7.54
WHLR,1.7
WHLRD,25.2499
WHLRP,24.1499
WHLRW,0.0497
WIFI,11.41
WILC,6.43
WILN,1.91
WIN,7.05
WINA,112.3
WING,28.36
WINS,315
WINT,1.23
WIRE,47.85
WIX,63.85
WKHS,3.21
WLB,17.49
WLDN,27.88
WLFC,26.04
WLTW,128.35
WMAR,9.16
WMGI,26.96
WMGIZ,1.56
WMIH,1.325
WNEB,9.6
WOOD,56.6
WOOF,90.79
WPCS,1.57
WPPGY,118.18
WPRT,1.17
WRLD,53.68
WSBC,41.04
WSBF,19.2
WSCI,2.94
WSFS,46.05
WSFSL,25.65
WSTC,24.28
WSTG,17.9
WSTL,0.7783
WTBA,23.1
WTFC,75.34
WTFCM,27.3
WTFCW,52.8452
WVE,30
WVFC,15.1056
WVVI,7.935
WVVIP,6
WWD,70.38
WYIG,9.92
WYIGU,10.25
WYIGW,0.3992
WYNN,95.91
XBIO,4.4899
XBIT,12.27
XBKS,27.84
XCRA,8.3
XELB,4.75
XENE,8.3
XENT,13.2
XGTI,1.75
XGTIW,13.376
XIV,66.54
XLNX,60.06
XLRN,26.8
XNCR,24.28
XNET,3.7
XOG,18.8
XOMA,5.26
XONE,10.21
XPLR,2.17
XRAY,62.68
XRDC,2.39
XTLB,2.33
XXIA,19.5
YDIV,17.1163
YECO,0.961
YHOO,45.1
YIN,17.23
YLCO,11.27
YNDX,24.66
YORW,34.85
YRCW,13.17
YTEN,0.355
YTRA,8.87
YY,48.05
Z,35.39
ZAGG,6.45
ZAIS,3.34
ZBIO,16.99
ZBRA,85.99
ZEUS,25.19
ZFGN,4.1
ZG,35.01
ZGNX,10.2
ZION,44.65
ZIONW,13.37
ZIONZ,9.9009
ZIOP,6.86
ZIV,56.65
ZIXI,5.11
ZLTQ,55.67
ZN,1.29
ZNGA,2.68
ZSAN,3.12
ZUMZ,20.25
ZYNE,21.23
